[{"model": "auth.permission", "pk": 1, "fields": {"name": "Can add log entry", "content_type": 1, "codename": "add_logentry"}}, {"model": "auth.permission", "pk": 2, "fields": {"name": "Can change log entry", "content_type": 1, "codename": "change_logentry"}}, {"model": "auth.permission", "pk": 3, "fields": {"name": "Can delete log entry", "content_type": 1, "codename": "delete_logentry"}}, {"model": "auth.permission", "pk": 4, "fields": {"name": "Can view log entry", "content_type": 1, "codename": "view_logentry"}}, {"model": "auth.permission", "pk": 5, "fields": {"name": "Can add permission", "content_type": 2, "codename": "add_permission"}}, {"model": "auth.permission", "pk": 6, "fields": {"name": "Can change permission", "content_type": 2, "codename": "change_permission"}}, {"model": "auth.permission", "pk": 7, "fields": {"name": "Can delete permission", "content_type": 2, "codename": "delete_permission"}}, {"model": "auth.permission", "pk": 8, "fields": {"name": "Can view permission", "content_type": 2, "codename": "view_permission"}}, {"model": "auth.permission", "pk": 9, "fields": {"name": "Can add group", "content_type": 3, "codename": "add_group"}}, {"model": "auth.permission", "pk": 10, "fields": {"name": "Can change group", "content_type": 3, "codename": "change_group"}}, {"model": "auth.permission", "pk": 11, "fields": {"name": "Can delete group", "content_type": 3, "codename": "delete_group"}}, {"model": "auth.permission", "pk": 12, "fields": {"name": "Can view group", "content_type": 3, "codename": "view_group"}}, {"model": "auth.permission", "pk": 13, "fields": {"name": "Can add content type", "content_type": 4, "codename": "add_contenttype"}}, {"model": "auth.permission", "pk": 14, "fields": {"name": "Can change content type", "content_type": 4, "codename": "change_contenttype"}}, {"model": "auth.permission", "pk": 15, "fields": {"name": "Can delete content type", "content_type": 4, "codename": "delete_contenttype"}}, {"model": "auth.permission", "pk": 16, "fields": {"name": "Can view content type", "content_type": 4, "codename": "view_contenttype"}}, {"model": "auth.permission", "pk": 17, "fields": {"name": "Can add session", "content_type": 5, "codename": "add_session"}}, {"model": "auth.permission", "pk": 18, "fields": {"name": "Can change session", "content_type": 5, "codename": "change_session"}}, {"model": "auth.permission", "pk": 19, "fields": {"name": "Can delete session", "content_type": 5, "codename": "delete_session"}}, {"model": "auth.permission", "pk": 20, "fields": {"name": "Can view session", "content_type": 5, "codename": "view_session"}}, {"model": "auth.permission", "pk": 21, "fields": {"name": "Can add user", "content_type": 6, "codename": "add_habruser"}}, {"model": "auth.permission", "pk": 22, "fields": {"name": "Can change user", "content_type": 6, "codename": "change_habruser"}}, {"model": "auth.permission", "pk": 23, "fields": {"name": "Can delete user", "content_type": 6, "codename": "delete_habruser"}}, {"model": "auth.permission", "pk": 24, "fields": {"name": "Can view user", "content_type": 6, "codename": "view_habruser"}}, {"model": "auth.permission", "pk": 25, "fields": {"name": "Can add habr user profile", "content_type": 7, "codename": "add_habruserprofile"}}, {"model": "auth.permission", "pk": 26, "fields": {"name": "Can change habr user profile", "content_type": 7, "codename": "change_habruserprofile"}}, {"model": "auth.permission", "pk": 27, "fields": {"name": "Can delete habr user profile", "content_type": 7, "codename": "delete_habruserprofile"}}, {"model": "auth.permission", "pk": 28, "fields": {"name": "Can view habr user profile", "content_type": 7, "codename": "view_habruserprofile"}}, {"model": "auth.permission", "pk": 29, "fields": {"name": "Can add karma positive viewed", "content_type": 8, "codename": "add_karmapositiveviewed"}}, {"model": "auth.permission", "pk": 30, "fields": {"name": "Can change karma positive viewed", "content_type": 8, "codename": "change_karmapositiveviewed"}}, {"model": "auth.permission", "pk": 31, "fields": {"name": "Can delete karma positive viewed", "content_type": 8, "codename": "delete_karmapositiveviewed"}}, {"model": "auth.permission", "pk": 32, "fields": {"name": "Can view karma positive viewed", "content_type": 8, "codename": "view_karmapositiveviewed"}}, {"model": "auth.permission", "pk": 33, "fields": {"name": "Can add karma negative viewed", "content_type": 9, "codename": "add_karmanegativeviewed"}}, {"model": "auth.permission", "pk": 34, "fields": {"name": "Can change karma negative viewed", "content_type": 9, "codename": "change_karmanegativeviewed"}}, {"model": "auth.permission", "pk": 35, "fields": {"name": "Can delete karma negative viewed", "content_type": 9, "codename": "delete_karmanegativeviewed"}}, {"model": "auth.permission", "pk": 36, "fields": {"name": "Can view karma negative viewed", "content_type": 9, "codename": "view_karmanegativeviewed"}}, {"model": "auth.permission", "pk": 37, "fields": {"name": "Can add статья", "content_type": 10, "codename": "add_article"}}, {"model": "auth.permission", "pk": 38, "fields": {"name": "Can change статья", "content_type": 10, "codename": "change_article"}}, {"model": "auth.permission", "pk": 39, "fields": {"name": "Can delete статья", "content_type": 10, "codename": "delete_article"}}, {"model": "auth.permission", "pk": 40, "fields": {"name": "Can view статья", "content_type": 10, "codename": "view_article"}}, {"model": "auth.permission", "pk": 41, "fields": {"name": "Can add dislikes viewed", "content_type": 11, "codename": "add_dislikesviewed"}}, {"model": "auth.permission", "pk": 42, "fields": {"name": "Can change dislikes viewed", "content_type": 11, "codename": "change_dislikesviewed"}}, {"model": "auth.permission", "pk": 43, "fields": {"name": "Can delete dislikes viewed", "content_type": 11, "codename": "delete_dislikesviewed"}}, {"model": "auth.permission", "pk": 44, "fields": {"name": "Can view dislikes viewed", "content_type": 11, "codename": "view_dislikesviewed"}}, {"model": "auth.permission", "pk": 45, "fields": {"name": "Can add хаб", "content_type": 12, "codename": "add_hub"}}, {"model": "auth.permission", "pk": 46, "fields": {"name": "Can change хаб", "content_type": 12, "codename": "change_hub"}}, {"model": "auth.permission", "pk": 47, "fields": {"name": "Can delete хаб", "content_type": 12, "codename": "delete_hub"}}, {"model": "auth.permission", "pk": 48, "fields": {"name": "Can view хаб", "content_type": 12, "codename": "view_hub"}}, {"model": "auth.permission", "pk": 49, "fields": {"name": "Can add тег", "content_type": 13, "codename": "add_tag"}}, {"model": "auth.permission", "pk": 50, "fields": {"name": "Can change тег", "content_type": 13, "codename": "change_tag"}}, {"model": "auth.permission", "pk": 51, "fields": {"name": "Can delete тег", "content_type": 13, "codename": "delete_tag"}}, {"model": "auth.permission", "pk": 52, "fields": {"name": "Can view тег", "content_type": 13, "codename": "view_tag"}}, {"model": "auth.permission", "pk": 53, "fields": {"name": "Can add likes viewed", "content_type": 14, "codename": "add_likesviewed"}}, {"model": "auth.permission", "pk": 54, "fields": {"name": "Can change likes viewed", "content_type": 14, "codename": "change_likesviewed"}}, {"model": "auth.permission", "pk": 55, "fields": {"name": "Can delete likes viewed", "content_type": 14, "codename": "delete_likesviewed"}}, {"model": "auth.permission", "pk": 56, "fields": {"name": "Can view likes viewed", "content_type": 14, "codename": "view_likesviewed"}}, {"model": "auth.permission", "pk": 57, "fields": {"name": "Can add комментарий", "content_type": 15, "codename": "add_comment"}}, {"model": "auth.permission", "pk": 58, "fields": {"name": "Can change комментарий", "content_type": 15, "codename": "change_comment"}}, {"model": "auth.permission", "pk": 59, "fields": {"name": "Can delete комментарий", "content_type": 15, "codename": "delete_comment"}}, {"model": "auth.permission", "pk": 60, "fields": {"name": "Can view комментарий", "content_type": 15, "codename": "view_comment"}}, {"model": "auth.permission", "pk": 61, "fields": {"name": "Can add likes comment viewed", "content_type": 16, "codename": "add_likescommentviewed"}}, {"model": "auth.permission", "pk": 62, "fields": {"name": "Can change likes comment viewed", "content_type": 16, "codename": "change_likescommentviewed"}}, {"model": "auth.permission", "pk": 63, "fields": {"name": "Can delete likes comment viewed", "content_type": 16, "codename": "delete_likescommentviewed"}}, {"model": "auth.permission", "pk": 64, "fields": {"name": "Can view likes comment viewed", "content_type": 16, "codename": "view_likescommentviewed"}}, {"model": "auth.permission", "pk": 65, "fields": {"name": "Can add dislikes comment viewed", "content_type": 17, "codename": "add_dislikescommentviewed"}}, {"model": "auth.permission", "pk": 66, "fields": {"name": "Can change dislikes comment viewed", "content_type": 17, "codename": "change_dislikescommentviewed"}}, {"model": "auth.permission", "pk": 67, "fields": {"name": "Can delete dislikes comment viewed", "content_type": 17, "codename": "delete_dislikescommentviewed"}}, {"model": "auth.permission", "pk": 68, "fields": {"name": "Can view dislikes comment viewed", "content_type": 17, "codename": "view_dislikescommentviewed"}}, {"model": "auth.permission", "pk": 69, "fields": {"name": "Can add comment likes viewed", "content_type": 18, "codename": "add_commentlikesviewed"}}, {"model": "auth.permission", "pk": 70, "fields": {"name": "Can change comment likes viewed", "content_type": 18, "codename": "change_commentlikesviewed"}}, {"model": "auth.permission", "pk": 71, "fields": {"name": "Can delete comment likes viewed", "content_type": 18, "codename": "delete_commentlikesviewed"}}, {"model": "auth.permission", "pk": 72, "fields": {"name": "Can view comment likes viewed", "content_type": 18, "codename": "view_commentlikesviewed"}}, {"model": "auth.permission", "pk": 73, "fields": {"name": "Can add comment dislikes viewed", "content_type": 19, "codename": "add_commentdislikesviewed"}}, {"model": "auth.permission", "pk": 74, "fields": {"name": "Can change comment dislikes viewed", "content_type": 19, "codename": "change_commentdislikesviewed"}}, {"model": "auth.permission", "pk": 75, "fields": {"name": "Can delete comment dislikes viewed", "content_type": 19, "codename": "delete_commentdislikesviewed"}}, {"model": "auth.permission", "pk": 76, "fields": {"name": "Can view comment dislikes viewed", "content_type": 19, "codename": "view_commentdislikesviewed"}}, {"model": "auth.permission", "pk": 77, "fields": {"name": "Can add association", "content_type": 20, "codename": "add_association"}}, {"model": "auth.permission", "pk": 78, "fields": {"name": "Can change association", "content_type": 20, "codename": "change_association"}}, {"model": "auth.permission", "pk": 79, "fields": {"name": "Can delete association", "content_type": 20, "codename": "delete_association"}}, {"model": "auth.permission", "pk": 80, "fields": {"name": "Can view association", "content_type": 20, "codename": "view_association"}}, {"model": "auth.permission", "pk": 81, "fields": {"name": "Can add code", "content_type": 21, "codename": "add_code"}}, {"model": "auth.permission", "pk": 82, "fields": {"name": "Can change code", "content_type": 21, "codename": "change_code"}}, {"model": "auth.permission", "pk": 83, "fields": {"name": "Can delete code", "content_type": 21, "codename": "delete_code"}}, {"model": "auth.permission", "pk": 84, "fields": {"name": "Can view code", "content_type": 21, "codename": "view_code"}}, {"model": "auth.permission", "pk": 85, "fields": {"name": "Can add nonce", "content_type": 22, "codename": "add_nonce"}}, {"model": "auth.permission", "pk": 86, "fields": {"name": "Can change nonce", "content_type": 22, "codename": "change_nonce"}}, {"model": "auth.permission", "pk": 87, "fields": {"name": "Can delete nonce", "content_type": 22, "codename": "delete_nonce"}}, {"model": "auth.permission", "pk": 88, "fields": {"name": "Can view nonce", "content_type": 22, "codename": "view_nonce"}}, {"model": "auth.permission", "pk": 89, "fields": {"name": "Can add user social auth", "content_type": 23, "codename": "add_usersocialauth"}}, {"model": "auth.permission", "pk": 90, "fields": {"name": "Can change user social auth", "content_type": 23, "codename": "change_usersocialauth"}}, {"model": "auth.permission", "pk": 91, "fields": {"name": "Can delete user social auth", "content_type": 23, "codename": "delete_usersocialauth"}}, {"model": "auth.permission", "pk": 92, "fields": {"name": "Can view user social auth", "content_type": 23, "codename": "view_usersocialauth"}}, {"model": "auth.permission", "pk": 93, "fields": {"name": "Can add partial", "content_type": 24, "codename": "add_partial"}}, {"model": "auth.permission", "pk": 94, "fields": {"name": "Can change partial", "content_type": 24, "codename": "change_partial"}}, {"model": "auth.permission", "pk": 95, "fields": {"name": "Can delete partial", "content_type": 24, "codename": "delete_partial"}}, {"model": "auth.permission", "pk": 96, "fields": {"name": "Can view partial", "content_type": 24, "codename": "view_partial"}}, {"model": "auth.permission", "pk": 97, "fields": {"name": "Can add статья", "content_type": 25, "codename": "add_verifyarticle"}}, {"model": "auth.permission", "pk": 98, "fields": {"name": "Can change статья", "content_type": 25, "codename": "change_verifyarticle"}}, {"model": "auth.permission", "pk": 99, "fields": {"name": "Can delete статья", "content_type": 25, "codename": "delete_verifyarticle"}}, {"model": "auth.permission", "pk": 100, "fields": {"name": "Can view статья", "content_type": 25, "codename": "view_verifyarticle"}}, {"model": "auth.permission", "pk": 101, "fields": {"name": "Can add модератор", "content_type": 26, "codename": "add_moderator"}}, {"model": "auth.permission", "pk": 102, "fields": {"name": "Can change модератор", "content_type": 26, "codename": "change_moderator"}}, {"model": "auth.permission", "pk": 103, "fields": {"name": "Can delete модератор", "content_type": 26, "codename": "delete_moderator"}}, {"model": "auth.permission", "pk": 104, "fields": {"name": "Can view модератор", "content_type": 26, "codename": "view_moderator"}}, {"model": "auth.permission", "pk": 105, "fields": {"name": "Can add нарушитель", "content_type": 27, "codename": "add_banneduser"}}, {"model": "auth.permission", "pk": 106, "fields": {"name": "Can change нарушитель", "content_type": 27, "codename": "change_banneduser"}}, {"model": "auth.permission", "pk": 107, "fields": {"name": "Can delete нарушитель", "content_type": 27, "codename": "delete_banneduser"}}, {"model": "auth.permission", "pk": 108, "fields": {"name": "Can view нарушитель", "content_type": 27, "codename": "view_banneduser"}}, {"model": "auth.permission", "pk": 109, "fields": {"name": "Can add удалённый комментарий", "content_type": 28, "codename": "add_bannedcomment"}}, {"model": "auth.permission", "pk": 110, "fields": {"name": "Can change удалённый комментарий", "content_type": 28, "codename": "change_bannedcomment"}}, {"model": "auth.permission", "pk": 111, "fields": {"name": "Can delete удалённый комментарий", "content_type": 28, "codename": "delete_bannedcomment"}}, {"model": "auth.permission", "pk": 112, "fields": {"name": "Can view удалённый комментарий", "content_type": 28, "codename": "view_bannedcomment"}}, {"model": "auth.permission", "pk": 113, "fields": {"name": "Can add удалённая статья", "content_type": 29, "codename": "add_bannedarticle"}}, {"model": "auth.permission", "pk": 114, "fields": {"name": "Can change удалённая статья", "content_type": 29, "codename": "change_bannedarticle"}}, {"model": "auth.permission", "pk": 115, "fields": {"name": "Can delete удалённая статья", "content_type": 29, "codename": "delete_bannedarticle"}}, {"model": "auth.permission", "pk": 116, "fields": {"name": "Can view удалённая статья", "content_type": 29, "codename": "view_bannedarticle"}}, {"model": "sessions.session", "pk": "wzeugxcgzrhoe1vlz9siquj3v8ndvk0l", "fields": {"session_data": "eyJuZXh0IjoiLyIsInZrLW9hdXRoMl9zdGF0ZSI6IkpaRTVzN0E1amMyeERJVVdadTZDU1JYZGN3b3kxZE1MIn0:1lisAD:mG2WCijiC2VpoplpFN0ZlMbrFUm_MlMiMFUCi1k3mIQ", "expire_date": "2021-06-01T05:21:05.102Z"}}, {"model": "authorization.habruser", "pk": 1, "fields": {"password": "^z@'7sq/", "last_login": null, "is_superuser": false, "is_staff": false, "is_active": true, "date_joined": "2021-05-18T05:16:10.600Z", "username": "RestrainsTarantas_2066", "email": "precomparison2026@gmail.com", "is_confirmed": false, "activation_key": "", "activation_key_expires": "2021-05-19T05:16:10.462Z", "groups": [], "user_permissions": []}}, {"model": "authorization.habruser", "pk": 2, "fields": {"password": "&$UswbWk", "last_login": null, "is_superuser": false, "is_staff": false, "is_active": true, "date_joined": "2021-05-18T05:16:10.870Z", "username": "MesotheticSculleries_1971", "email": "scarlet2041@gmail.com", "is_confirmed": false, "activation_key": "", "activation_key_expires": "2021-05-19T05:16:10.462Z", "groups": [], "user_permissions": []}}, {"model": "authorization.habruser", "pk": 3, "fields": {"password": ")Ue,N=R?", "last_login": null, "is_superuser": false, "is_staff": false, "is_active": true, "date_joined": "2021-05-18T05:16:11.077Z", "username": "BoondogglingCablet_1830", "email": "athelia1901@gmail.com", "is_confirmed": false, "activation_key": "", "activation_key_expires": "2021-05-19T05:16:10.462Z", "groups": [], "user_permissions": []}}, {"model": "authorization.habruser", "pk": 4, "fields": {"password": "pbkdf2_sha256$260000$gkLFhjb3zYq3PW5g3oh4AQ$A7ornb2ixooio4NWMJ23sFKQXPvijsYrIGO9iHiWCKs=", "last_login": "2021-05-18T05:23:33.258Z", "is_superuser": false, "is_staff": false, "is_active": true, "date_joined": "2021-05-18T05:20:34.062Z", "username": "aleksandr", "email": "kostitsin.a@mail.ru", "is_confirmed": true, "activation_key": "10710d674cec8da12b82df2f5405f02e4e963c5ded9c7940bfb305593b1208fa", "activation_key_expires": "2021-05-19T05:19:34.508Z", "groups": [], "user_permissions": []}}, {"model": "authorization.habruserprofile", "pk": 1, "fields": {"avatar": "", "user": 1, "first_name": "", "last_name": "", "place_of_work": "Холдинг «Сибуглемет»", "specialization": "Дворник", "gender": "Муж.", "birth_date": "1991-04-06", "country": "Россия", "region": "Магаданская область", "city": "Советский", "rating": 0.0, "karma": 0}}, {"model": "authorization.habruserprofile", "pk": 2, "fields": {"avatar": "", "user": 2, "first_name": "", "last_name": "", "place_of_work": "Сетевая компания", "specialization": "Машинист", "gender": "Муж.", "birth_date": "1966-01-12", "country": "Россия", "region": "Владимирская область", "city": "Пыть-Ях", "rating": 0.0, "karma": 0}}, {"model": "authorization.habruserprofile", "pk": 3, "fields": {"avatar": "", "user": 3, "first_name": "", "last_name": "", "place_of_work": "Объединенная судостроительная корпорация", "specialization": "Бортинженер", "gender": "Муж.", "birth_date": "1983-09-18", "country": "Россия", "region": "Иркутская область", "city": "Верхняя Пышма", "rating": 0.0, "karma": 0}}, {"model": "authorization.habruserprofile", "pk": 4, "fields": {"avatar": "avatars/4.jpg", "user": 4, "first_name": "KostitsynAleksandr", "last_name": "Костицын", "place_of_work": "", "specialization": "пользователь", "gender": "M", "birth_date": "1991-10-21", "country": "Россия", "region": "", "city": "Ижевск", "rating": 0.0, "karma": 0}}, {"model": "articles.hub", "pk": 1, "fields": {"hub": "Разработка"}}, {"model": "articles.hub", "pk": 2, "fields": {"hub": "Дизайн"}}, {"model": "articles.hub", "pk": 3, "fields": {"hub": "Маркетинг"}}, {"model": "articles.hub", "pk": 4, "fields": {"hub": "Научпоп"}}, {"model": "articles.tag", "pk": 1, "fields": {"tag": "#like4like"}}, {"model": "articles.tag", "pk": 2, "fields": {"tag": "#handsome"}}, {"model": "articles.tag", "pk": 3, "fields": {"tag": "#style"}}, {"model": "articles.tag", "pk": 4, "fields": {"tag": "#my"}}, {"model": "articles.tag", "pk": 5, "fields": {"tag": "#relationship"}}, {"model": "articles.article", "pk": 1, "fields": {"title": "Приложения Java обычно транслируются в специальный байт-код, поэтому они могут работать на любой компьютерной архитектуре, с помощью виртуальной Java-машины.", "author": 3, "hub": 3, "body": "<p>Python — высокоуровневый язык программирования общего назначения, ориентированный на повышение производительности разработчика и читаемости кода. В наш век информации слишком много, чтобы понять кто прав, а кто лукавит.<p/>\n<p>Java — строго типизированный объектно-ориентированный язык программирования, разработанный компанией Sun Microsystems. Полнотиповое программирование может поддерживаться на уровне системы типов языка или вводиться программистом идиоматически. Полнотиповое программирование может поддерживаться на уровне системы типов языка или вводиться программистом идиоматически. Популярность Erlang начала расти в связи с расширением его области применения (телекоммуникационные системы) на высоконагруженные параллельные распределённые системы, обслуживающие миллионы пользователей WWW, такие как чаты, системы управления содержимым, веб-серверы и распределённые, требующие масштабирования базы данных. Python поддерживает несколько парадигм программирования, в том числе структурное, объектно-ориентированное, функциональное, императивное и аспектно-ориентированное. Приложения Java обычно транслируются в специальный байт-код, поэтому они могут работать на любой компьютерной архитектуре, с помощью виртуальной Java-машины. В наш век информации слишком много, чтобы понять кто прав, а кто лукавит.<p/>\n<p>Свой синтаксис и некоторые концепции Erlang унаследовал от языка логического программирования Пролог. Erlang является декларативным языком программирования, который скорее используется для описания того, что должно быть вычислено нежели как. Haskell — стандартизированный чистый функциональный язык программирования общего назначения. Python поддерживает несколько парадигм программирования, в том числе структурное, объектно-ориентированное, функциональное, императивное и аспектно-ориентированное. Полнотиповое программирование — стиль программирования, отличающийся обширным использованием информации о типах с тем, чтобы механизм проверки согласования типов обеспечил раннее выявление максимального количества всевозможных разновидностей багов.<p/>\n<p>Java — строго типизированный объектно-ориентированный язык программирования, разработанный компанией Sun Microsystems. Популярность Erlang начала расти в связи с расширением его области применения (телекоммуникационные системы) на высоконагруженные параллельные распределённые системы, обслуживающие миллионы пользователей WWW, такие как чаты, системы управления содержимым, веб-серверы и распределённые, требующие масштабирования базы данных. Полнотиповое программирование — стиль программирования, отличающийся обширным использованием информации о типах с тем, чтобы механизм проверки согласования типов обеспечил раннее выявление максимального количества всевозможных разновидностей багов. Синтаксис ядра Python минималистичен. Язык включает в себя средства порождения параллельных легковесных процессов и их взаимодействия через обмен асинхронными сообщениями в соответствии с моделью акторов. Erlang — функциональный язык программирования с сильной динамической типизацией, предназначенный для создания распределённых вычислительных систем. В наш век информации слишком много, чтобы понять кто прав, а кто лукавит.<p/>\n<img alt=\"\" src=\"https://source.unsplash.com/1920x1080?it,design\" style=\"height:500px; width:500px\" />\n", "image": "https://source.unsplash.com/1920x1080?it,marketing", "link_to_original": "https://abidal.biz", "created": "2021-05-18T05:16:12.288Z", "updated": "2021-05-18T05:16:12.288Z", "published": "2021-05-18T05:16:12.287Z", "draft": false, "is_active": true, "rating": 0, "tags": [1, 2, 5], "views": [], "bookmarks": []}}, {"model": "articles.article", "pk": 2, "fields": {"title": "Свой синтаксис и некоторые концепции Erlang унаследовал от языка логического программирования Пролог.", "author": 1, "hub": 3, "body": "<p>Популярность Erlang начала расти в связи с расширением его области применения (телекоммуникационные системы) на высоконагруженные параллельные распределённые системы, обслуживающие миллионы пользователей WWW, такие как чаты, системы управления содержимым, веб-серверы и распределённые, требующие масштабирования базы данных. Haskell — стандартизированный чистый функциональный язык программирования общего назначения.<p/>\n<p>Популярность Erlang начала расти в связи с расширением его области применения (телекоммуникационные системы) на высоконагруженные параллельные распределённые системы, обслуживающие миллионы пользователей WWW, такие как чаты, системы управления содержимым, веб-серверы и распределённые, требующие масштабирования базы данных. Синтаксис ядра Python минималистичен. Свой синтаксис и некоторые концепции Erlang унаследовал от языка логического программирования Пролог. Erlang применяется в нескольких NoSQL-базах данных высокой доступности. В наш век информации слишком много, чтобы понять кто прав, а кто лукавит.<p/>\n<p>Erlang — функциональный язык программирования с сильной динамической типизацией, предназначенный для создания распределённых вычислительных систем. Язык включает в себя средства порождения параллельных легковесных процессов и их взаимодействия через обмен асинхронными сообщениями в соответствии с моделью акторов.<p/>\n", "image": "https://source.unsplash.com/1920x1080?it,marketing", "link_to_original": "https://sensoparalysis.christmas", "created": "2021-05-18T05:16:12.561Z", "updated": "2021-05-18T05:16:12.561Z", "published": "2021-05-18T05:16:12.561Z", "draft": false, "is_active": true, "rating": 0, "tags": [3, 5], "views": [], "bookmarks": []}}, {"model": "articles.article", "pk": 3, "fields": {"title": "Python — высокоуровневый язык программирования общего назначения, ориентированный на повышение производительности разработчика и читаемости кода.", "author": 1, "hub": 2, "body": "<p>REPL — форма организации простой интерактивной среды программирования в рамках средств интерфейса командной строки. Разработан и поддерживается компанией Ericsson. Отличительная черта языка — серьёзное отношение к типизации. Разработан и поддерживается компанией Ericsson.<p/>\n<img alt=\"\" src=\"https://source.unsplash.com/1920x1080?it,marketing\" style=\"height:500px; width:500px\" />\n<p>REPL — форма организации простой интерактивной среды программирования в рамках средств интерфейса командной строки. Популярность Erlang начала расти в связи с расширением его области применения (телекоммуникационные системы) на высоконагруженные параллельные распределённые системы, обслуживающие миллионы пользователей WWW, такие как чаты, системы управления содержимым, веб-серверы и распределённые, требующие масштабирования базы данных. Erlang — функциональный язык программирования с сильной динамической типизацией, предназначенный для создания распределённых вычислительных систем. Erlang применяется в нескольких NoSQL-базах данных высокой доступности.<p/>\n<img alt=\"\" src=\"https://source.unsplash.com/1920x1080?it,science\" style=\"height:500px; width:500px\" />\n<p>Язык включает в себя средства порождения параллельных легковесных процессов и их взаимодействия через обмен асинхронными сообщениями в соответствии с моделью акторов. Erlang — функциональный язык программирования с сильной динамической типизацией, предназначенный для создания распределённых вычислительных систем. В наш век информации слишком много, чтобы понять кто прав, а кто лукавит. Erlang — функциональный язык программирования с сильной динамической типизацией, предназначенный для создания распределённых вычислительных систем. Является одним из самых распространённых языков программирования с поддержкой отложенных вычислений. Erlang применяется в нескольких NoSQL-базах данных высокой доступности. Язык включает в себя средства порождения параллельных легковесных процессов и их взаимодействия через обмен асинхронными сообщениями в соответствии с моделью акторов.<p/>\n<img alt=\"\" src=\"https://source.unsplash.com/1920x1080?it,science\" style=\"height:500px; width:500px\" />\n<p>REPL — форма организации простой интерактивной среды программирования в рамках средств интерфейса командной строки. Python поддерживает несколько парадигм программирования, в том числе структурное, объектно-ориентированное, функциональное, императивное и аспектно-ориентированное. Это способ концептуализации, определяющий организацию вычислений и структурирование работы, выполняемой компьютером. Java — строго типизированный объектно-ориентированный язык программирования, разработанный компанией Sun Microsystems. Популярность Erlang начала расти в связи с расширением его области применения (телекоммуникационные системы) на высоконагруженные параллельные распределённые системы, обслуживающие миллионы пользователей WWW, такие как чаты, системы управления содержимым, веб-серверы и распределённые, требующие масштабирования базы данных. Полнотиповое программирование — стиль программирования, отличающийся обширным использованием информации о типах с тем, чтобы механизм проверки согласования типов обеспечил раннее выявление максимального количества всевозможных разновидностей багов.<p/>\n<p>Полнотиповое программирование может поддерживаться на уровне системы типов языка или вводиться программистом идиоматически. Приложения Java обычно транслируются в специальный байт-код, поэтому они могут работать на любой компьютерной архитектуре, с помощью виртуальной Java-машины. Python поддерживает несколько парадигм программирования, в том числе структурное, объектно-ориентированное, функциональное, императивное и аспектно-ориентированное. Python поддерживает несколько парадигм программирования, в том числе структурное, объектно-ориентированное, функциональное, императивное и аспектно-ориентированное.<p/>\n", "image": "https://source.unsplash.com/1920x1080?it,design", "link_to_original": "https://furiosity.tv", "created": "2021-05-18T05:16:12.898Z", "updated": "2021-05-18T05:16:12.898Z", "published": "2021-05-18T05:16:12.898Z", "draft": false, "is_active": true, "rating": 0, "tags": [2, 4, 5], "views": [], "bookmarks": []}}, {"model": "articles.article", "pk": 4, "fields": {"title": "Отличительная черта языка — серьёзное отношение к типизации.", "author": 3, "hub": 4, "body": "<p>Python поддерживает несколько парадигм программирования, в том числе структурное, объектно-ориентированное, функциональное, императивное и аспектно-ориентированное. Erlang применяется в нескольких NoSQL-базах данных высокой доступности.<p/>\n<p>Парадигма программирования — это совокупность идей и понятий, определяющих стиль написания компьютерных программ. Полнотиповое программирование может поддерживаться на уровне системы типов языка или вводиться программистом идиоматически.<p/>\n<p>Синтаксис ядра Python минималистичен. Отличительная черта языка — серьёзное отношение к типизации. В то же время стандартная библиотека включает большой объём полезных функций. Язык включает в себя средства порождения параллельных легковесных процессов и их взаимодействия через обмен асинхронными сообщениями в соответствии с моделью акторов.<p/>\n<p>Является одним из самых распространённых языков программирования с поддержкой отложенных вычислений. Python поддерживает несколько парадигм программирования, в том числе структурное, объектно-ориентированное, функциональное, императивное и аспектно-ориентированное. В наш век информации слишком много, чтобы понять кто прав, а кто лукавит. Полнотиповое программирование — стиль программирования, отличающийся обширным использованием информации о типах с тем, чтобы механизм проверки согласования типов обеспечил раннее выявление максимального количества всевозможных разновидностей багов. Отличительная черта языка — серьёзное отношение к типизации.<p/>\n<p>Например, определение функции, которое использует сопоставление с образцом, для выбора одного из вариантов вычисления или извлечения элемента данных из составной структуры, напоминает уравнение. Парадигма программирования — это совокупность идей и понятий, определяющих стиль написания компьютерных программ. В наш век информации слишком много, чтобы понять кто прав, а кто лукавит. Сопоставление с образцом распространено даже на битовые строки, что упрощает реализацию телекоммуникационных протоколов. Haskell — стандартизированный чистый функциональный язык программирования общего назначения. Erlang применяется в нескольких NoSQL-базах данных высокой доступности. Python — высокоуровневый язык программирования общего назначения, ориентированный на повышение производительности разработчика и читаемости кода.<p/>\n<p>Полнотиповое программирование может поддерживаться на уровне системы типов языка или вводиться программистом идиоматически. Erlang был целенаправленно разработан для применения в распределённых, отказоустойчивых, параллельных системах реального времени, для которых кроме средств самого языка имеется стандартная библиотека модулей и библиотека шаблонных решений (так называемых поведений) — фреймворк OTP.<p/>\n", "image": "https://source.unsplash.com/1920x1080?it,science", "link_to_original": "https://jellyfish.gov", "created": "2021-05-18T05:16:13.305Z", "updated": "2021-05-18T05:16:13.305Z", "published": "2021-05-18T05:16:13.305Z", "draft": false, "is_active": true, "rating": 0, "tags": [4], "views": [], "bookmarks": []}}, {"model": "articles.article", "pk": 5, "fields": {"title": "Полнотиповое программирование может поддерживаться на уровне системы типов языка или вводиться программистом идиоматически.", "author": 1, "hub": 3, "body": "<p>Разработан и поддерживается компанией Ericsson. REPL — форма организации простой интерактивной среды программирования в рамках средств интерфейса командной строки. Сопоставление с образцом распространено даже на битовые строки, что упрощает реализацию телекоммуникационных протоколов. В наш век информации слишком много, чтобы понять кто прав, а кто лукавит. Python поддерживает несколько парадигм программирования, в том числе структурное, объектно-ориентированное, функциональное, императивное и аспектно-ориентированное.<p/>\n<p>Erlang является декларативным языком программирования, который скорее используется для описания того, что должно быть вычислено нежели как. Язык включает в себя средства порождения параллельных легковесных процессов и их взаимодействия через обмен асинхронными сообщениями в соответствии с моделью акторов.<p/>\n<img alt=\"\" src=\"https://source.unsplash.com/1920x1080?it,marketing\" style=\"height:500px; width:500px\" />\n<p>Свой синтаксис и некоторые концепции Erlang унаследовал от языка логического программирования Пролог. Например, определение функции, которое использует сопоставление с образцом, для выбора одного из вариантов вычисления или извлечения элемента данных из составной структуры, напоминает уравнение.<p/>\n<p>Отличительная черта языка — серьёзное отношение к типизации. Свой синтаксис и некоторые концепции Erlang унаследовал от языка логического программирования Пролог. В то же время стандартная библиотека включает большой объём полезных функций. Python поддерживает несколько парадигм программирования, в том числе структурное, объектно-ориентированное, функциональное, императивное и аспектно-ориентированное. Сопоставление с образцом распространено даже на битовые строки, что упрощает реализацию телекоммуникационных протоколов. Полнотиповое программирование может поддерживаться на уровне системы типов языка или вводиться программистом идиоматически. Свой синтаксис и некоторые концепции Erlang унаследовал от языка логического программирования Пролог.<p/>\n<p>REPL — форма организации простой интерактивной среды программирования в рамках средств интерфейса командной строки. Haskell — стандартизированный чистый функциональный язык программирования общего назначения. Синтаксис ядра Python минималистичен. Это способ концептуализации, определяющий организацию вычислений и структурирование работы, выполняемой компьютером.<p/>\n", "image": "https://source.unsplash.com/1920x1080?it,marketing", "link_to_original": "https://imposts.sv", "created": "2021-05-18T05:16:13.468Z", "updated": "2021-05-18T05:16:13.468Z", "published": "2021-05-18T05:16:13.467Z", "draft": false, "is_active": true, "rating": 0, "tags": [3, 4, 5], "views": [], "bookmarks": []}}, {"model": "articles.article", "pk": 6, "fields": {"title": "Язык включает в себя средства порождения параллельных легковесных процессов и их взаимодействия через обмен асинхронными сообщениями в соответствии с моделью акторов.", "author": 1, "hub": 4, "body": "<p>Java — строго типизированный объектно-ориентированный язык программирования, разработанный компанией Sun Microsystems. Полнотиповое программирование может поддерживаться на уровне системы типов языка или вводиться программистом идиоматически. Полнотиповое программирование может поддерживаться на уровне системы типов языка или вводиться программистом идиоматически. Haskell — стандартизированный чистый функциональный язык программирования общего назначения. Полнотиповое программирование — стиль программирования, отличающийся обширным использованием информации о типах с тем, чтобы механизм проверки согласования типов обеспечил раннее выявление максимального количества всевозможных разновидностей багов. В наш век информации слишком много, чтобы понять кто прав, а кто лукавит.<p/>\n<img alt=\"\" src=\"https://source.unsplash.com/1920x1080?it,development\" style=\"height:500px; width:500px\" />\n<p>Популярность Erlang начала расти в связи с расширением его области применения (телекоммуникационные системы) на высоконагруженные параллельные распределённые системы, обслуживающие миллионы пользователей WWW, такие как чаты, системы управления содержимым, веб-серверы и распределённые, требующие масштабирования базы данных. Полнотиповое программирование может поддерживаться на уровне системы типов языка или вводиться программистом идиоматически. Erlang является декларативным языком программирования, который скорее используется для описания того, что должно быть вычислено нежели как. Это способ концептуализации, определяющий организацию вычислений и структурирование работы, выполняемой компьютером. Приложения Java обычно транслируются в специальный байт-код, поэтому они могут работать на любой компьютерной архитектуре, с помощью виртуальной Java-машины. Python поддерживает несколько парадигм программирования, в том числе структурное, объектно-ориентированное, функциональное, императивное и аспектно-ориентированное.<p/>\n<p>Python — высокоуровневый язык программирования общего назначения, ориентированный на повышение производительности разработчика и читаемости кода. REPL — форма организации простой интерактивной среды программирования в рамках средств интерфейса командной строки.<p/>\n<p>Популярность Erlang начала расти в связи с расширением его области применения (телекоммуникационные системы) на высоконагруженные параллельные распределённые системы, обслуживающие миллионы пользователей WWW, такие как чаты, системы управления содержимым, веб-серверы и распределённые, требующие масштабирования базы данных. Парадигма программирования — это совокупность идей и понятий, определяющих стиль написания компьютерных программ. Erlang является декларативным языком программирования, который скорее используется для описания того, что должно быть вычислено нежели как. Python — высокоуровневый язык программирования общего назначения, ориентированный на повышение производительности разработчика и читаемости кода.<p/>\n<img alt=\"\" src=\"https://source.unsplash.com/1920x1080?it,marketing\" style=\"height:500px; width:500px\" />\n<p>Разработан и поддерживается компанией Ericsson. В наш век информации слишком много, чтобы понять кто прав, а кто лукавит. Это способ концептуализации, определяющий организацию вычислений и структурирование работы, выполняемой компьютером.<p/>\n", "image": "https://source.unsplash.com/1920x1080?it,science", "link_to_original": "https://endocyemate.zulu", "created": "2021-05-18T05:16:13.837Z", "updated": "2021-05-18T05:16:13.837Z", "published": "2021-05-18T05:16:13.837Z", "draft": false, "is_active": true, "rating": 0, "tags": [1, 2, 3, 4, 5], "views": [], "bookmarks": []}}, {"model": "articles.article", "pk": 7, "fields": {"title": "Синтаксис ядра Python минималистичен.", "author": 1, "hub": 4, "body": "<p>Полнотиповое программирование может поддерживаться на уровне системы типов языка или вводиться программистом идиоматически. Python поддерживает несколько парадигм программирования, в том числе структурное, объектно-ориентированное, функциональное, императивное и аспектно-ориентированное. Приложения Java обычно транслируются в специальный байт-код, поэтому они могут работать на любой компьютерной архитектуре, с помощью виртуальной Java-машины. Erlang применяется в нескольких NoSQL-базах данных высокой доступности.<p/>\n<p>Является одним из самых распространённых языков программирования с поддержкой отложенных вычислений. Erlang применяется в нескольких NoSQL-базах данных высокой доступности. Erlang был целенаправленно разработан для применения в распределённых, отказоустойчивых, параллельных системах реального времени, для которых кроме средств самого языка имеется стандартная библиотека модулей и библиотека шаблонных решений (так называемых поведений) — фреймворк OTP. Это способ концептуализации, определяющий организацию вычислений и структурирование работы, выполняемой компьютером. Отличительная черта языка — серьёзное отношение к типизации. Python поддерживает несколько парадигм программирования, в том числе структурное, объектно-ориентированное, функциональное, императивное и аспектно-ориентированное.<p/>\n<p>Erlang — функциональный язык программирования с сильной динамической типизацией, предназначенный для создания распределённых вычислительных систем. В наш век информации слишком много, чтобы понять кто прав, а кто лукавит.<p/>\n<img alt=\"\" src=\"https://source.unsplash.com/1920x1080?it,marketing\" style=\"height:500px; width:500px\" />\n<p>В наш век информации слишком много, чтобы понять кто прав, а кто лукавит. Сопоставление с образцом распространено даже на битовые строки, что упрощает реализацию телекоммуникационных протоколов. Свой синтаксис и некоторые концепции Erlang унаследовал от языка логического программирования Пролог. Парадигма программирования — это совокупность идей и понятий, определяющих стиль написания компьютерных программ. Python — высокоуровневый язык программирования общего назначения, ориентированный на повышение производительности разработчика и читаемости кода. Является одним из самых распространённых языков программирования с поддержкой отложенных вычислений. REPL — форма организации простой интерактивной среды программирования в рамках средств интерфейса командной строки.<p/>\n<img alt=\"\" src=\"https://source.unsplash.com/1920x1080?it,development\" style=\"height:500px; width:500px\" />\n", "image": "https://source.unsplash.com/1920x1080?it,science", "link_to_original": "https://divinely.biz", "created": "2021-05-18T05:16:14.036Z", "updated": "2021-05-18T05:16:14.036Z", "published": "2021-05-18T05:16:14.036Z", "draft": false, "is_active": true, "rating": 0, "tags": [1, 2, 4, 5], "views": [], "bookmarks": []}}, {"model": "articles.article", "pk": 8, "fields": {"title": "Популярность Erlang начала расти в связи с расширением его области применения (телекоммуникационные системы) на высоконагруженные параллельные распределённые системы, обслуживающие миллионы пользователей WWW, такие как чаты, системы управления содержимым, веб-серверы и распределённые, требующие масштабирования базы данных.", "author": 3, "hub": 1, "body": "<p>Erlang был целенаправленно разработан для применения в распределённых, отказоустойчивых, параллельных системах реального времени, для которых кроме средств самого языка имеется стандартная библиотека модулей и библиотека шаблонных решений (так называемых поведений) — фреймворк OTP. Erlang является декларативным языком программирования, который скорее используется для описания того, что должно быть вычислено нежели как.<p/>\n<p>Haskell — стандартизированный чистый функциональный язык программирования общего назначения. Это способ концептуализации, определяющий организацию вычислений и структурирование работы, выполняемой компьютером. Erlang является декларативным языком программирования, который скорее используется для описания того, что должно быть вычислено нежели как. Python — высокоуровневый язык программирования общего назначения, ориентированный на повышение производительности разработчика и читаемости кода. Популярность Erlang начала расти в связи с расширением его области применения (телекоммуникационные системы) на высоконагруженные параллельные распределённые системы, обслуживающие миллионы пользователей WWW, такие как чаты, системы управления содержимым, веб-серверы и распределённые, требующие масштабирования базы данных. REPL — форма организации простой интерактивной среды программирования в рамках средств интерфейса командной строки. Свой синтаксис и некоторые концепции Erlang унаследовал от языка логического программирования Пролог.<p/>\n<p>Erlang является декларативным языком программирования, который скорее используется для описания того, что должно быть вычислено нежели как. Erlang является декларативным языком программирования, который скорее используется для описания того, что должно быть вычислено нежели как. Парадигма программирования — это совокупность идей и понятий, определяющих стиль написания компьютерных программ. Java — строго типизированный объектно-ориентированный язык программирования, разработанный компанией Sun Microsystems. Отличительная черта языка — серьёзное отношение к типизации.<p/>\n<p>Полнотиповое программирование — стиль программирования, отличающийся обширным использованием информации о типах с тем, чтобы механизм проверки согласования типов обеспечил раннее выявление максимального количества всевозможных разновидностей багов. Полнотиповое программирование — стиль программирования, отличающийся обширным использованием информации о типах с тем, чтобы механизм проверки согласования типов обеспечил раннее выявление максимального количества всевозможных разновидностей багов. Полнотиповое программирование может поддерживаться на уровне системы типов языка или вводиться программистом идиоматически. Java — строго типизированный объектно-ориентированный язык программирования, разработанный компанией Sun Microsystems. Полнотиповое программирование может поддерживаться на уровне системы типов языка или вводиться программистом идиоматически. Полнотиповое программирование — стиль программирования, отличающийся обширным использованием информации о типах с тем, чтобы механизм проверки согласования типов обеспечил раннее выявление максимального количества всевозможных разновидностей багов. Erlang применяется в нескольких NoSQL-базах данных высокой доступности.<p/>\n<p>Полнотиповое программирование — стиль программирования, отличающийся обширным использованием информации о типах с тем, чтобы механизм проверки согласования типов обеспечил раннее выявление максимального количества всевозможных разновидностей багов. Разработан и поддерживается компанией Ericsson. Полнотиповое программирование — стиль программирования, отличающийся обширным использованием информации о типах с тем, чтобы механизм проверки согласования типов обеспечил раннее выявление максимального количества всевозможных разновидностей багов. Популярность Erlang начала расти в связи с расширением его области применения (телекоммуникационные системы) на высоконагруженные параллельные распределённые системы, обслуживающие миллионы пользователей WWW, такие как чаты, системы управления содержимым, веб-серверы и распределённые, требующие масштабирования базы данных. Парадигма программирования — это совокупность идей и понятий, определяющих стиль написания компьютерных программ. Java — строго типизированный объектно-ориентированный язык программирования, разработанный компанией Sun Microsystems.<p/>\n<img alt=\"\" src=\"https://source.unsplash.com/1920x1080?it,development\" style=\"height:500px; width:500px\" />\n<p>Это способ концептуализации, определяющий организацию вычислений и структурирование работы, выполняемой компьютером. Java — строго типизированный объектно-ориентированный язык программирования, разработанный компанией Sun Microsystems. Erlang является декларативным языком программирования, который скорее используется для описания того, что должно быть вычислено нежели как. Это способ концептуализации, определяющий организацию вычислений и структурирование работы, выполняемой компьютером.<p/>\n", "image": "https://source.unsplash.com/1920x1080?it,development", "link_to_original": "https://alert.istanbul", "created": "2021-05-18T05:16:14.606Z", "updated": "2021-05-18T05:16:14.606Z", "published": "2021-05-18T05:16:14.606Z", "draft": false, "is_active": true, "rating": 0, "tags": [2, 3], "views": [], "bookmarks": []}}, {"model": "articles.article", "pk": 9, "fields": {"title": "Разработан и поддерживается компанией Ericsson.", "author": 2, "hub": 2, "body": "<p>Полнотиповое программирование может поддерживаться на уровне системы типов языка или вводиться программистом идиоматически. Python поддерживает несколько парадигм программирования, в том числе структурное, объектно-ориентированное, функциональное, императивное и аспектно-ориентированное.<p/>\n<p>Разработан и поддерживается компанией Ericsson. Свой синтаксис и некоторые концепции Erlang унаследовал от языка логического программирования Пролог.<p/>\n<img alt=\"\" src=\"https://source.unsplash.com/1920x1080?it,science\" style=\"height:500px; width:500px\" />\n<p>REPL — форма организации простой интерактивной среды программирования в рамках средств интерфейса командной строки. Парадигма программирования — это совокупность идей и понятий, определяющих стиль написания компьютерных программ. Haskell — стандартизированный чистый функциональный язык программирования общего назначения. Erlang является декларативным языком программирования, который скорее используется для описания того, что должно быть вычислено нежели как. Это способ концептуализации, определяющий организацию вычислений и структурирование работы, выполняемой компьютером. Разработан и поддерживается компанией Ericsson. Сопоставление с образцом распространено даже на битовые строки, что упрощает реализацию телекоммуникационных протоколов.<p/>\n<img alt=\"\" src=\"https://source.unsplash.com/1920x1080?it,science\" style=\"height:500px; width:500px\" />\n", "image": "https://source.unsplash.com/1920x1080?it,design", "link_to_original": "https://achamma.contractors", "created": "2021-05-18T05:16:15.249Z", "updated": "2021-05-18T05:16:15.249Z", "published": "2021-05-18T05:16:15.249Z", "draft": false, "is_active": true, "rating": 0, "tags": [1, 2, 3], "views": [], "bookmarks": []}}, {"model": "articles.article", "pk": 10, "fields": {"title": "Отличительная черта языка — серьёзное отношение к типизации.", "author": 2, "hub": 3, "body": "<p>Erlang является декларативным языком программирования, который скорее используется для описания того, что должно быть вычислено нежели как. В наш век информации слишком много, чтобы понять кто прав, а кто лукавит. Парадигма программирования — это совокупность идей и понятий, определяющих стиль написания компьютерных программ. Разработан и поддерживается компанией Ericsson. В то же время стандартная библиотека включает большой объём полезных функций. Является одним из самых распространённых языков программирования с поддержкой отложенных вычислений. Erlang был целенаправленно разработан для применения в распределённых, отказоустойчивых, параллельных системах реального времени, для которых кроме средств самого языка имеется стандартная библиотека модулей и библиотека шаблонных решений (так называемых поведений) — фреймворк OTP.<p/>\n<img alt=\"\" src=\"https://source.unsplash.com/1920x1080?it,development\" style=\"height:500px; width:500px\" />\n<p>Erlang применяется в нескольких NoSQL-базах данных высокой доступности. Популярность Erlang начала расти в связи с расширением его области применения (телекоммуникационные системы) на высоконагруженные параллельные распределённые системы, обслуживающие миллионы пользователей WWW, такие как чаты, системы управления содержимым, веб-серверы и распределённые, требующие масштабирования базы данных. Java — строго типизированный объектно-ориентированный язык программирования, разработанный компанией Sun Microsystems. Приложения Java обычно транслируются в специальный байт-код, поэтому они могут работать на любой компьютерной архитектуре, с помощью виртуальной Java-машины. Erlang применяется в нескольких NoSQL-базах данных высокой доступности.<p/>\n<img alt=\"\" src=\"https://source.unsplash.com/1920x1080?it,design\" style=\"height:500px; width:500px\" />\n<p>В то же время стандартная библиотека включает большой объём полезных функций. Отличительная черта языка — серьёзное отношение к типизации. Java — строго типизированный объектно-ориентированный язык программирования, разработанный компанией Sun Microsystems.<p/>\n<img alt=\"\" src=\"https://source.unsplash.com/1920x1080?it,science\" style=\"height:500px; width:500px\" />\n<p>Java — строго типизированный объектно-ориентированный язык программирования, разработанный компанией Sun Microsystems. Является одним из самых распространённых языков программирования с поддержкой отложенных вычислений. Язык включает в себя средства порождения параллельных легковесных процессов и их взаимодействия через обмен асинхронными сообщениями в соответствии с моделью акторов. Отличительная черта языка — серьёзное отношение к типизации. Парадигма программирования — это совокупность идей и понятий, определяющих стиль написания компьютерных программ. Erlang — функциональный язык программирования с сильной динамической типизацией, предназначенный для создания распределённых вычислительных систем.<p/>\n<img alt=\"\" src=\"https://source.unsplash.com/1920x1080?it,design\" style=\"height:500px; width:500px\" />\n<p>Приложения Java обычно транслируются в специальный байт-код, поэтому они могут работать на любой компьютерной архитектуре, с помощью виртуальной Java-машины. Полнотиповое программирование — стиль программирования, отличающийся обширным использованием информации о типах с тем, чтобы механизм проверки согласования типов обеспечил раннее выявление максимального количества всевозможных разновидностей багов. Например, определение функции, которое использует сопоставление с образцом, для выбора одного из вариантов вычисления или извлечения элемента данных из составной структуры, напоминает уравнение.<p/>\n<img alt=\"\" src=\"https://source.unsplash.com/1920x1080?it,science\" style=\"height:500px; width:500px\" />\n<p>Приложения Java обычно транслируются в специальный байт-код, поэтому они могут работать на любой компьютерной архитектуре, с помощью виртуальной Java-машины. Erlang — функциональный язык программирования с сильной динамической типизацией, предназначенный для создания распределённых вычислительных систем. Является одним из самых распространённых языков программирования с поддержкой отложенных вычислений. Полнотиповое программирование — стиль программирования, отличающийся обширным использованием информации о типах с тем, чтобы механизм проверки согласования типов обеспечил раннее выявление максимального количества всевозможных разновидностей багов. Java — строго типизированный объектно-ориентированный язык программирования, разработанный компанией Sun Microsystems.<p/>\n", "image": "https://source.unsplash.com/1920x1080?it,marketing", "link_to_original": "https://auroras.fans", "created": "2021-05-18T05:16:15.589Z", "updated": "2021-05-18T05:16:15.589Z", "published": "2021-05-18T05:16:15.589Z", "draft": false, "is_active": true, "rating": 0, "tags": [5], "views": [], "bookmarks": []}}, {"model": "comments.comment", "pk": 1, "fields": {"article": 1, "author": 3, "parent": null, "body": "Java — строго типизированный объектно-ориентированный язык программирования, разработанный компанией Sun Microsystems. Свой синтаксис и некоторые концепции Erlang унаследовал от языка логического программирования Пролог.", "date": "2021-05-18T05:16:12.411Z", "viewed": false}}, {"model": "comments.comment", "pk": 2, "fields": {"article": 1, "author": 1, "parent": null, "body": "Разработан и поддерживается компанией Ericsson. Отличительная черта языка — серьёзное отношение к типизации. В наш век информации слишком много, чтобы понять кто прав, а кто лукавит. Парадигма программирования — это совокупность идей и понятий, определяющих стиль написания компьютерных программ. Erlang был целенаправленно разработан для применения в распределённых, отказоустойчивых, параллельных системах реального времени, для которых кроме средств самого языка имеется стандартная библиотека модулей и библиотека шаблонных решений (так называемых поведений) — фреймворк OTP. Свой синтаксис и некоторые концепции Erlang унаследовал от языка логического программирования Пролог. Например, определение функции, которое использует сопоставление с образцом, для выбора одного из вариантов вычисления или извлечения элемента данных из составной структуры, напоминает уравнение. Erlang является декларативным языком программирования, который скорее используется для описания того, что должно быть вычислено нежели как. Приложения Java обычно транслируются в специальный байт-код, поэтому они могут работать на любой компьютерной архитектуре, с помощью виртуальной Java-машины. Сопоставление с образцом распространено даже на битовые строки, что упрощает реализацию телекоммуникационных протоколов.", "date": "2021-05-18T05:16:12.480Z", "viewed": false}}, {"model": "comments.comment", "pk": 3, "fields": {"article": 2, "author": 1, "parent": null, "body": "Erlang был целенаправленно разработан для применения в распределённых, отказоустойчивых, параллельных системах реального времени, для которых кроме средств самого языка имеется стандартная библиотека модулей и библиотека шаблонных решений (так называемых поведений) — фреймворк OTP. Приложения Java обычно транслируются в специальный байт-код, поэтому они могут работать на любой компьютерной архитектуре, с помощью виртуальной Java-машины. Haskell — стандартизированный чистый функциональный язык программирования общего назначения. Python — высокоуровневый язык программирования общего назначения, ориентированный на повышение производительности разработчика и читаемости кода. Парадигма программирования — это совокупность идей и понятий, определяющих стиль написания компьютерных программ. Erlang применяется в нескольких NoSQL-базах данных высокой доступности. REPL — форма организации простой интерактивной среды программирования в рамках средств интерфейса командной строки. В наш век информации слишком много, чтобы понять кто прав, а кто лукавит.", "date": "2021-05-18T05:16:12.682Z", "viewed": false}}, {"model": "comments.comment", "pk": 4, "fields": {"article": 2, "author": 2, "parent": null, "body": "Приложения Java обычно транслируются в специальный байт-код, поэтому они могут работать на любой компьютерной архитектуре, с помощью виртуальной Java-машины. Сопоставление с образцом распространено даже на битовые строки, что упрощает реализацию телекоммуникационных протоколов. Разработан и поддерживается компанией Ericsson.", "date": "2021-05-18T05:16:12.752Z", "viewed": false}}, {"model": "comments.comment", "pk": 5, "fields": {"article": 2, "author": 2, "parent": null, "body": "Является одним из самых распространённых языков программирования с поддержкой отложенных вычислений. Популярность Erlang начала расти в связи с расширением его области применения (телекоммуникационные системы) на высоконагруженные параллельные распределённые системы, обслуживающие миллионы пользователей WWW, такие как чаты, системы управления содержимым, веб-серверы и распределённые, требующие масштабирования базы данных. Python — высокоуровневый язык программирования общего назначения, ориентированный на повышение производительности разработчика и читаемости кода. Язык включает в себя средства порождения параллельных легковесных процессов и их взаимодействия через обмен асинхронными сообщениями в соответствии с моделью акторов. Erlang применяется в нескольких NoSQL-базах данных высокой доступности. Разработан и поддерживается компанией Ericsson. Язык включает в себя средства порождения параллельных легковесных процессов и их взаимодействия через обмен асинхронными сообщениями в соответствии с моделью акторов.", "date": "2021-05-18T05:16:12.805Z", "viewed": false}}, {"model": "comments.comment", "pk": 6, "fields": {"article": 3, "author": 1, "parent": null, "body": "Свой синтаксис и некоторые концепции Erlang унаследовал от языка логического программирования Пролог. Erlang был целенаправленно разработан для применения в распределённых, отказоустойчивых, параллельных системах реального времени, для которых кроме средств самого языка имеется стандартная библиотека модулей и библиотека шаблонных решений (так называемых поведений) — фреймворк OTP. Erlang является декларативным языком программирования, который скорее используется для описания того, что должно быть вычислено нежели как. Erlang применяется в нескольких NoSQL-базах данных высокой доступности. Erlang был целенаправленно разработан для применения в распределённых, отказоустойчивых, параллельных системах реального времени, для которых кроме средств самого языка имеется стандартная библиотека модулей и библиотека шаблонных решений (так называемых поведений) — фреймворк OTP.", "date": "2021-05-18T05:16:13.025Z", "viewed": false}}, {"model": "comments.comment", "pk": 7, "fields": {"article": 3, "author": 1, "parent": null, "body": "Парадигма программирования — это совокупность идей и понятий, определяющих стиль написания компьютерных программ. Разработан и поддерживается компанией Ericsson.", "date": "2021-05-18T05:16:13.082Z", "viewed": false}}, {"model": "comments.comment", "pk": 8, "fields": {"article": 3, "author": 2, "parent": null, "body": "Java — строго типизированный объектно-ориентированный язык программирования, разработанный компанией Sun Microsystems. Это способ концептуализации, определяющий организацию вычислений и структурирование работы, выполняемой компьютером. В наш век информации слишком много, чтобы понять кто прав, а кто лукавит. Популярность Erlang начала расти в связи с расширением его области применения (телекоммуникационные системы) на высоконагруженные параллельные распределённые системы, обслуживающие миллионы пользователей WWW, такие как чаты, системы управления содержимым, веб-серверы и распределённые, требующие масштабирования базы данных. Это способ концептуализации, определяющий организацию вычислений и структурирование работы, выполняемой компьютером. Python поддерживает несколько парадигм программирования, в том числе структурное, объектно-ориентированное, функциональное, императивное и аспектно-ориентированное. Haskell — стандартизированный чистый функциональный язык программирования общего назначения. Например, определение функции, которое использует сопоставление с образцом, для выбора одного из вариантов вычисления или извлечения элемента данных из составной структуры, напоминает уравнение.", "date": "2021-05-18T05:16:13.139Z", "viewed": false}}, {"model": "comments.comment", "pk": 9, "fields": {"article": 5, "author": 2, "parent": null, "body": "Например, определение функции, которое использует сопоставление с образцом, для выбора одного из вариантов вычисления или извлечения элемента данных из составной структуры, напоминает уравнение. Приложения Java обычно транслируются в специальный байт-код, поэтому они могут работать на любой компьютерной архитектуре, с помощью виртуальной Java-машины. В наш век информации слишком много, чтобы понять кто прав, а кто лукавит. Java — строго типизированный объектно-ориентированный язык программирования, разработанный компанией Sun Microsystems. Приложения Java обычно транслируются в специальный байт-код, поэтому они могут работать на любой компьютерной архитектуре, с помощью виртуальной Java-машины. Свой синтаксис и некоторые концепции Erlang унаследовал от языка логического программирования Пролог. Сопоставление с образцом распространено даже на битовые строки, что упрощает реализацию телекоммуникационных протоколов. В то же время стандартная библиотека включает большой объём полезных функций.", "date": "2021-05-18T05:16:13.607Z", "viewed": false}}, {"model": "comments.comment", "pk": 10, "fields": {"article": 5, "author": 2, "parent": null, "body": "Java — строго типизированный объектно-ориентированный язык программирования, разработанный компанией Sun Microsystems. Парадигма программирования — это совокупность идей и понятий, определяющих стиль написания компьютерных программ. В то же время стандартная библиотека включает большой объём полезных функций. REPL — форма организации простой интерактивной среды программирования в рамках средств интерфейса командной строки. В то же время стандартная библиотека включает большой объём полезных функций. Erlang был целенаправленно разработан для применения в распределённых, отказоустойчивых, параллельных системах реального времени, для которых кроме средств самого языка имеется стандартная библиотека модулей и библиотека шаблонных решений (так называемых поведений) — фреймворк OTP. Haskell — стандартизированный чистый функциональный язык программирования общего назначения. Язык включает в себя средства порождения параллельных легковесных процессов и их взаимодействия через обмен асинхронными сообщениями в соответствии с моделью акторов.", "date": "2021-05-18T05:16:13.675Z", "viewed": false}}, {"model": "comments.comment", "pk": 11, "fields": {"article": 5, "author": 3, "parent": null, "body": "Разработан и поддерживается компанией Ericsson. Сопоставление с образцом распространено даже на битовые строки, что упрощает реализацию телекоммуникационных протоколов. Синтаксис ядра Python минималистичен. Полнотиповое программирование может поддерживаться на уровне системы типов языка или вводиться программистом идиоматически. Erlang является декларативным языком программирования, который скорее используется для описания того, что должно быть вычислено нежели как. Полнотиповое программирование может поддерживаться на уровне системы типов языка или вводиться программистом идиоматически.", "date": "2021-05-18T05:16:13.724Z", "viewed": false}}, {"model": "comments.comment", "pk": 12, "fields": {"article": 7, "author": 2, "parent": null, "body": "Разработан и поддерживается компанией Ericsson. Полнотиповое программирование может поддерживаться на уровне системы типов языка или вводиться программистом идиоматически. Python — высокоуровневый язык программирования общего назначения, ориентированный на повышение производительности разработчика и читаемости кода. Erlang — функциональный язык программирования с сильной динамической типизацией, предназначенный для создания распределённых вычислительных систем. Разработан и поддерживается компанией Ericsson. Это способ концептуализации, определяющий организацию вычислений и структурирование работы, выполняемой компьютером.", "date": "2021-05-18T05:16:14.167Z", "viewed": false}}, {"model": "comments.comment", "pk": 13, "fields": {"article": 7, "author": 1, "parent": null, "body": "Сопоставление с образцом распространено даже на битовые строки, что упрощает реализацию телекоммуникационных протоколов. Erlang — функциональный язык программирования с сильной динамической типизацией, предназначенный для создания распределённых вычислительных систем. Python — высокоуровневый язык программирования общего назначения, ориентированный на повышение производительности разработчика и читаемости кода. Приложения Java обычно транслируются в специальный байт-код, поэтому они могут работать на любой компьютерной архитектуре, с помощью виртуальной Java-машины. Сопоставление с образцом распространено даже на битовые строки, что упрощает реализацию телекоммуникационных протоколов. Полнотиповое программирование может поддерживаться на уровне системы типов языка или вводиться программистом идиоматически. Отличительная черта языка — серьёзное отношение к типизации. Например, определение функции, которое использует сопоставление с образцом, для выбора одного из вариантов вычисления или извлечения элемента данных из составной структуры, напоминает уравнение. REPL — форма организации простой интерактивной среды программирования в рамках средств интерфейса командной строки.", "date": "2021-05-18T05:16:14.225Z", "viewed": false}}, {"model": "comments.comment", "pk": 14, "fields": {"article": 7, "author": 3, "parent": null, "body": "REPL — форма организации простой интерактивной среды программирования в рамках средств интерфейса командной строки. Язык включает в себя средства порождения параллельных легковесных процессов и их взаимодействия через обмен асинхронными сообщениями в соответствии с моделью акторов. Например, определение функции, которое использует сопоставление с образцом, для выбора одного из вариантов вычисления или извлечения элемента данных из составной структуры, напоминает уравнение. Синтаксис ядра Python минималистичен. Java — строго типизированный объектно-ориентированный язык программирования, разработанный компанией Sun Microsystems. Erlang применяется в нескольких NoSQL-базах данных высокой доступности.", "date": "2021-05-18T05:16:14.312Z", "viewed": false}}, {"model": "comments.comment", "pk": 15, "fields": {"article": 7, "author": 3, "parent": null, "body": "Erlang применяется в нескольких NoSQL-базах данных высокой доступности.", "date": "2021-05-18T05:16:14.400Z", "viewed": false}}, {"model": "comments.comment", "pk": 16, "fields": {"article": 7, "author": 2, "parent": null, "body": "В то же время стандартная библиотека включает большой объём полезных функций. Полнотиповое программирование может поддерживаться на уровне системы типов языка или вводиться программистом идиоматически.", "date": "2021-05-18T05:16:14.456Z", "viewed": false}}, {"model": "comments.comment", "pk": 17, "fields": {"article": 8, "author": 3, "parent": null, "body": "Язык включает в себя средства порождения параллельных легковесных процессов и их взаимодействия через обмен асинхронными сообщениями в соответствии с моделью акторов. Java — строго типизированный объектно-ориентированный язык программирования, разработанный компанией Sun Microsystems. Erlang был целенаправленно разработан для применения в распределённых, отказоустойчивых, параллельных системах реального времени, для которых кроме средств самого языка имеется стандартная библиотека модулей и библиотека шаблонных решений (так называемых поведений) — фреймворк OTP. Является одним из самых распространённых языков программирования с поддержкой отложенных вычислений. Erlang — функциональный язык программирования с сильной динамической типизацией, предназначенный для создания распределённых вычислительных систем.", "date": "2021-05-18T05:16:14.783Z", "viewed": false}}, {"model": "comments.comment", "pk": 18, "fields": {"article": 8, "author": 2, "parent": null, "body": "Например, определение функции, которое использует сопоставление с образцом, для выбора одного из вариантов вычисления или извлечения элемента данных из составной структуры, напоминает уравнение. Java — строго типизированный объектно-ориентированный язык программирования, разработанный компанией Sun Microsystems. Синтаксис ядра Python минималистичен. Erlang был целенаправленно разработан для применения в распределённых, отказоустойчивых, параллельных системах реального времени, для которых кроме средств самого языка имеется стандартная библиотека модулей и библиотека шаблонных решений (так называемых поведений) — фреймворк OTP. Разработан и поддерживается компанией Ericsson. Популярность Erlang начала расти в связи с расширением его области применения (телекоммуникационные системы) на высоконагруженные параллельные распределённые системы, обслуживающие миллионы пользователей WWW, такие как чаты, системы управления содержимым, веб-серверы и распределённые, требующие масштабирования базы данных. REPL — форма организации простой интерактивной среды программирования в рамках средств интерфейса командной строки. В то же время стандартная библиотека включает большой объём полезных функций.", "date": "2021-05-18T05:16:14.923Z", "viewed": false}}, {"model": "comments.comment", "pk": 19, "fields": {"article": 8, "author": 3, "parent": null, "body": "Erlang является декларативным языком программирования, который скорее используется для описания того, что должно быть вычислено нежели как. В наш век информации слишком много, чтобы понять кто прав, а кто лукавит. Сопоставление с образцом распространено даже на битовые строки, что упрощает реализацию телекоммуникационных протоколов. В наш век информации слишком много, чтобы понять кто прав, а кто лукавит. REPL — форма организации простой интерактивной среды программирования в рамках средств интерфейса командной строки. Erlang применяется в нескольких NoSQL-базах данных высокой доступности. Отличительная черта языка — серьёзное отношение к типизации. Полнотиповое программирование — стиль программирования, отличающийся обширным использованием информации о типах с тем, чтобы механизм проверки согласования типов обеспечил раннее выявление максимального количества всевозможных разновидностей багов. Erlang был целенаправленно разработан для применения в распределённых, отказоустойчивых, параллельных системах реального времени, для которых кроме средств самого языка имеется стандартная библиотека модулей и библиотека шаблонных решений (так называемых поведений) — фреймворк OTP. Приложения Java обычно транслируются в специальный байт-код, поэтому они могут работать на любой компьютерной архитектуре, с помощью виртуальной Java-машины.", "date": "2021-05-18T05:16:14.993Z", "viewed": false}}, {"model": "comments.comment", "pk": 20, "fields": {"article": 8, "author": 3, "parent": null, "body": "Популярность Erlang начала расти в связи с расширением его области применения (телекоммуникационные системы) на высоконагруженные параллельные распределённые системы, обслуживающие миллионы пользователей WWW, такие как чаты, системы управления содержимым, веб-серверы и распределённые, требующие масштабирования базы данных. Erlang был целенаправленно разработан для применения в распределённых, отказоустойчивых, параллельных системах реального времени, для которых кроме средств самого языка имеется стандартная библиотека модулей и библиотека шаблонных решений (так называемых поведений) — фреймворк OTP. Полнотиповое программирование может поддерживаться на уровне системы типов языка или вводиться программистом идиоматически. Erlang был целенаправленно разработан для применения в распределённых, отказоустойчивых, параллельных системах реального времени, для которых кроме средств самого языка имеется стандартная библиотека модулей и библиотека шаблонных решений (так называемых поведений) — фреймворк OTP. Парадигма программирования — это совокупность идей и понятий, определяющих стиль написания компьютерных программ. Свой синтаксис и некоторые концепции Erlang унаследовал от языка логического программирования Пролог. Сопоставление с образцом распространено даже на битовые строки, что упрощает реализацию телекоммуникационных протоколов.", "date": "2021-05-18T05:16:15.075Z", "viewed": false}}, {"model": "comments.comment", "pk": 21, "fields": {"article": 8, "author": 1, "parent": null, "body": "Java — строго типизированный объектно-ориентированный язык программирования, разработанный компанией Sun Microsystems. Это способ концептуализации, определяющий организацию вычислений и структурирование работы, выполняемой компьютером. Полнотиповое программирование — стиль программирования, отличающийся обширным использованием информации о типах с тем, чтобы механизм проверки согласования типов обеспечил раннее выявление максимального количества всевозможных разновидностей багов. Erlang применяется в нескольких NoSQL-базах данных высокой доступности. В то же время стандартная библиотека включает большой объём полезных функций.", "date": "2021-05-18T05:16:15.153Z", "viewed": false}}, {"model": "comments.comment", "pk": 22, "fields": {"article": 9, "author": 2, "parent": null, "body": "Парадигма программирования — это совокупность идей и понятий, определяющих стиль написания компьютерных программ. Приложения Java обычно транслируются в специальный байт-код, поэтому они могут работать на любой компьютерной архитектуре, с помощью виртуальной Java-машины. Erlang является декларативным языком программирования, который скорее используется для описания того, что должно быть вычислено нежели как. В наш век информации слишком много, чтобы понять кто прав, а кто лукавит. Java — строго типизированный объектно-ориентированный язык программирования, разработанный компанией Sun Microsystems. Haskell — стандартизированный чистый функциональный язык программирования общего назначения. В то же время стандартная библиотека включает большой объём полезных функций. Erlang является декларативным языком программирования, который скорее используется для описания того, что должно быть вычислено нежели как. Разработан и поддерживается компанией Ericsson.", "date": "2021-05-18T05:16:15.423Z", "viewed": false}}, {"model": "comments.comment", "pk": 23, "fields": {"article": 9, "author": 2, "parent": null, "body": "Erlang применяется в нескольких NoSQL-базах данных высокой доступности. Полнотиповое программирование — стиль программирования, отличающийся обширным использованием информации о типах с тем, чтобы механизм проверки согласования типов обеспечил раннее выявление максимального количества всевозможных разновидностей багов. REPL — форма организации простой интерактивной среды программирования в рамках средств интерфейса командной строки. В то же время стандартная библиотека включает большой объём полезных функций. Свой синтаксис и некоторые концепции Erlang унаследовал от языка логического программирования Пролог. Популярность Erlang начала расти в связи с расширением его области применения (телекоммуникационные системы) на высоконагруженные параллельные распределённые системы, обслуживающие миллионы пользователей WWW, такие как чаты, системы управления содержимым, веб-серверы и распределённые, требующие масштабирования базы данных.", "date": "2021-05-18T05:16:15.505Z", "viewed": false}}, {"model": "social_django.usersocialauth", "pk": 1, "fields": {"user": 4, "provider": "vk-oauth2", "uid": "283618632", "extra_data": "{\"auth_time\": 1621315278, \"id\": 283618632, \"expires\": 86399, \"access_token\": \"113a0ea64048731653b38636bfeb177b5b09763ac72069baac212af10e57600c86c9ed8bc13724b789b94\", \"token_type\": null}", "created": "2021-05-18T05:21:18.235Z", "modified": "2021-05-18T05:21:18.295Z"}}, {"model": "social_django.usersocialauth", "pk": 2, "fields": {"user": 4, "provider": "google-oauth2", "uid": "kostitsin.a@mail.ru", "extra_data": "{\"auth_time\": 1621315400, \"expires\": 3599, \"token_type\": \"Bearer\", \"access_token\": \"ya29.a0AfH6SMAYuX6bMH3y9K5y9rtGsiaNVgpSdmPXmozEw4swpDo4tO0q_B558blv9KoD2n_cJcY_lVRTZKl_9ofKvt1dM3uxuA9CA1oqltEoRA1xu9pskD_k6VqvdVVPL1H37Cj6j1VPEiKiDtZdqZUrSYYaqCyo\"}", "created": "2021-05-18T05:23:20.703Z", "modified": "2021-05-18T05:23:20.763Z"}}, {"model": "social_django.usersocialauth", "pk": 3, "fields": {"user": 4, "provider": "github", "uid": "54951676", "extra_data": "{\"auth_time\": 1621315412, \"id\": 54951676, \"expires\": null, \"login\": \"kostitsyn\", \"access_token\": \"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\", \"token_type\": \"bearer\"}", "created": "2021-05-18T05:23:32.890Z", "modified": "2021-05-18T05:23:32.941Z"}}]